Label,# Samples,Average,Min,Max,Std. Dev.,Error %,Throughput,Received KB/sec,Sent KB/sec,Avg. Bytes
1-get_method,250,168,0,292,64.15,0.000%,111.90689,18.36,16.39,168.0
2-user_info_2,250,182,0,346,65.57,0.000%,104.03662,47.55,25.09,468.0
3-user_info_3,250,191,0,340,63.03,0.000%,97.46589,35.22,23.51,370.0
4-object_info_1,250,190,0,284,55.32,0.000%,94.48224,21.13,15.04,229.0
5-object_info_2,250,188,0,287,52.26,0.000%,92.86776,42.44,14.96,468.0
6-object_info_3,250,183,0,355,58.69,0.000%,92.21689,47.28,14.86,525.0
7-object_info_4,250,169,0,281,62.06,0.000%,92.79881,21.57,14.95,238.0
TOTAL,1750,182,0,355,60.98,0.000%,551.70240,189.80,100.21,352.3
