Label,# Samples,Average,Min,Max,Std. Dev.,Error %,Throughput,Received KB/sec,Sent KB/sec,Avg. Bytes
1-get_method,50,76,0,320,36.17,0.000%,25.73340,4.22,3.77,168.0
2-user_info_2,50,74,0,314,34.72,0.000%,23.20186,10.60,5.60,468.0
3-user_info_3,50,76,0,343,38.72,0.000%,23.18034,8.38,5.59,370.0
4-object_info_1,50,75,0,331,37.30,0.000%,23.23420,5.20,3.70,229.0
5-object_info_2,50,75,0,329,36.86,0.000%,23.15887,10.58,3.73,468.0
6-object_info_3,50,72,0,90,6.60,0.000%,22.88330,11.73,3.69,525.0
7-object_info_4,50,70,0,96,6.53,0.000%,23.03086,5.35,3.71,238.0
TOTAL,350,74,0,343,31.36,0.000%,133.38415,45.89,24.23,352.3
