Label,# Samples,Average,Min,Max,Std. Dev.,Error %,Throughput,Received KB/sec,Sent KB/sec,Avg. Bytes
1-get_method,500,248,0,1298,209.28,0.000%,98.13543,16.10,14.38,168.0
2-user_info_2,500,1016,0,21049,2876.20,1.200%,19.16517,9.26,4.57,495.0
3-user_info_3,500,1474,0,21049,4234.33,3.800%,10.62699,4.77,2.47,459.2
4-object_info_1,500,2292,0,21050,5544.94,7.000%,7.35078,2.89,1.09,403.2
5-object_info_2,500,3279,0,21056,6912.39,12.400%,5.62746,4.10,0.79,746.9
6-object_info_3,500,4825,0,21056,8206.40,19.600%,4.55307,4.24,0.59,954.6
7-object_info_4,500,5866,0,21056,8848.04,24.400%,4.50276,3.71,0.55,842.9
TOTAL,3500,2714,0,21056,6276.88,9.771%,31.39520,17.83,5.19,581.4
